price,area,renttype,housetype,floor,community,longtitude,latitude
4500元/月,79㎡,：整租,：2室1厅1卫,未知/27层,整租·广安﹒康馨家园 2室1厅 南/北,'116.235582','39.88187'
6000元/月,66㎡,：整租,：1室1厅1卫,未知/6层,整租·金隅翡丽蓝爵堡 1室1厅 南,'116.373305','40.071028'
5300元/月,47㎡,：整租,：1室1厅1卫,未知/6层,整租·东四块玉北街 1室1厅 东,'116.430723','39.888924'
4600元/月,57㎡,：整租,：1室1厅1卫,未知/12层,整租·芳群园四区 1室1厅 东,'116.436014','39.866159'
3500元/月,55㎡,：整租,：1室0厅1卫,未知/6层,整租·水恋晶城 1室0厅 南/北,'116.699995','39.922001'
3000元/月,82㎡,：整租,：2室1厅1卫,未知/6层,整租·永顺西里 2室1厅 南/北,'116.652665','39.923391'
3700元/月,64㎡,：整租,：2室1厅1卫,未知/6层,整租·松林庄 2室1厅 南/北,'116.400081','39.824166'
3300元/月,124㎡,：整租,：3室1厅1卫,未知/6层,整租·宇丰苑 3室1厅 南/北,'116.353344','39.726464'
3600元/月,58㎡,：整租,：1室0厅1卫,未知/12层,整租·月亮城堡 1室0厅 东,'116.685667','39.925912'
5100元/月,70㎡,：整租,：2室1厅1卫,未知/7层,整租·安宁里南区 2室1厅 东,'116.338433','40.051503'
5700元/月,76㎡,：整租,：2室1厅1卫,未知/7层,整租·安宁里南区 2室1厅 南,'116.338433','40.051503'
3600元/月,62㎡,：整租,：1室1厅1卫,未知/20层,整租·时尚街区东区 1室1厅 西/北,'116.674125','39.888623'
4300元/月,55㎡,：整租,：1室1厅1卫,未知/12层,整租·西罗园三区 1室1厅 西,'116.395279','39.865356'
2900元/月,43㎡,：整租,：1室1厅1卫,未知/10层,整租·首开中晟广场 1室1厅 西,'116.651151','40.169608'
3200元/月,13㎡,：整租,：1室1厅1卫,未知/1层,整租·福祥胡同 1室1厅 北,'116.409543','39.940538'
4500元/月,57㎡,：整租,：1室1厅1卫,未知/6层,整租·西马金润二区 1室1厅 南,'116.386742','39.845373'
5000元/月,66㎡,：整租,：2房间1卫,未知/20层,整租·明天第一城7号院 2房间 东南,'116.414421','40.053513'
3000元/月,59㎡,：整租,：2室1厅1卫,未知/6层,整租·云景西里南区 2室1厅 南/北,'116.667208','39.885232'
3800元/月,97㎡,：整租,：2室1厅1卫,未知/7层,整租·神龙辛屯小区 2室1厅 南/北,'116.553795','39.765287'
3300元/月,51㎡,：整租,：2房间1卫,未知/17层,整租·路劲世界城二期 2房间 北,'116.299556','40.212337'
2600元/月,39㎡,：整租,：1室1厅1卫,未知/6层,整租·张郭庄小区 1室1厅 南/北,'116.199847','39.856219'
2600元/月,63㎡,：整租,：1室2厅1卫,未知/6层,整租·马坡花园一区 1室2厅 南/北,'116.661432','40.180564'
3500元/月,56㎡,：整租,：2室1厅1卫,未知/6层,整租·滨河东里 2室1厅 南/北,'116.348744','39.758568'
3200元/月,69㎡,：整租,：2室1厅1卫,未知/6层,整租·双兴东区 2室1厅 南/北,'116.664599','40.144969'
2500元/月,56㎡,：整租,：2房间1卫,未知/13层,整租·天恒乐活城 2房间 南,'116.085261','39.720728'
1200元/月,16㎡,：整租,：1房间1卫,未知/28层,整租·北街家园五区 1房间 南,'116.27588','40.17221'
5500元/月,50㎡,：整租,：2室1厅1卫,未知/6层,整租·马连道西里 2室1厅 南/北,'116.332489','39.89064'
2400元/月,56㎡,：整租,：2室1厅1卫,未知/6层,整租·建设巷小区 2室1厅 南/北,'116.15557','39.745548'
6000元/月,55㎡,：整租,：2室1厅1卫,未知/16层,整租·国家计委宿舍 2室1厅 南,'116.273143','39.913383'
3000元/月,85㎡,：整租,：2室2厅1卫,未知/15层,整租·御园D区 2室2厅 南/北,'116.329721','39.633131'
4300元/月,54㎡,：整租,：2室1厅1卫,未知/6层,整租·五芳园 2室1厅 南/北,'116.233846','39.905003'
2800元/月,24㎡,：整租,：1室0厅0卫,未知/1层,整租·大外廊营胡同 1室0厅 南,'116.395144','39.899115'
3500元/月,96㎡,：整租,：2室1厅2卫,未知/15层,整租·珠江逸景 2室1厅 东北,'116.549499','39.746067'
4500元/月,40㎡,：整租,：1室1厅1卫,未知/5层,整租·华仁路小区 1室1厅 南,'116.397404','39.893915'
5800元/月,56㎡,：整租,：1室1厅1卫,未知/6层,整租·高原街4号院 1室1厅 南/北,'116.434457','39.99285'
5300元/月,69㎡,：整租,：2室1厅1卫,未知/6层,整租·电建南院 2室1厅 南/北,'116.558882','39.919411'
5100元/月,57㎡,：整租,：1室1厅1卫,未知/27层,整租·官悦欣园A区 1室1厅 南,'116.509179','39.879448'
3500元/月,65㎡,：整租,：1室1厅1卫,未知/6层,整租·新潮嘉园二期 1室1厅 南/北,'116.703237','39.939938'
2300元/月,51㎡,：整租,：3房间1卫,未知/7层,整租·北京城建北京密码 3房间 西,'116.404278','39.688424'
5700元/月,65㎡,：整租,：2室1厅1卫,未知/3层,整租·田村山南路220号 2室1厅 南/北,'116.255782','39.927948'
3000元/月,59㎡,：整租,：1室1厅1卫,未知/6层,整租·乔庄北街6号院 1室1厅 南,'116.687737','39.903084'
3400元/月,73㎡,：整租,：2室1厅1卫,未知/6层,整租·黄村东里 2室1厅 东/西,'116.351278','39.742226'
5500元/月,55㎡,：整租,：2室1厅1卫,未知/6层,整租·车站西街17号院 2室1厅 南/北,'116.347196','39.884733'
4500元/月,54㎡,：整租,：1房间1卫,未知/23层,整租·北京像素南区 1房间 东北,'116.622063','39.931519'
3200元/月,45㎡,：整租,：1室1厅1卫,未知/6层,整租·清源西里 1室1厅 南,'116.342088','39.749733'
3500元/月,79㎡,：整租,：2室1厅1卫,未知/6层,整租·华龙小区 2室1厅 南/北,'116.695201','39.934643'
2000元/月,20㎡,：整租,：3室1厅1卫,未知/7层,整租·成寿寺路 3室1厅 东,'116.453305','39.850005'
3000元/月,70㎡,：整租,：3室1厅1卫,未知/6层,整租·海子角西里 3室1厅 南/北,'116.352517','39.71953'
3500元/月,88㎡,：整租,：2室1厅1卫,未知/28层,整租·宏仁家园 2室1厅 南,'116.563535','39.755641'
5800元/月,45㎡,：整租,：1室1厅1卫,未知/6层,整租·芍药居甲2号院 1室1厅 西,'116.43777','39.986008'
3000元/月,84㎡,：整租,：3室1厅1卫,未知/6层,整租·葛布店北里 3室1厅 南/西/北,'116.66424','39.899598'
3500元/月,60㎡,：整租,：2室1厅1卫,未知/6层,整租·贵园南里丙区 2室1厅 南/北,'116.490411','39.798212'
4800元/月,52㎡,：整租,：2室1厅1卫,未知/5层,整租·高杨树北里 2室1厅 南,'116.557573','39.954333'
3300元/月,61㎡,：整租,：2室1厅1卫,未知/6层,整租·玉桥南里 2室1厅 南/北,'116.690108','39.895196'
4300元/月,48㎡,：整租,：2房间1卫,未知/6层,整租·大雄公寓 2房间 南/西南,'116.502089','39.806041'
5800元/月,55㎡,：整租,：1室0厅1卫,未知/28层,整租·华贸城 1室0厅 南,'116.4388','40.054941'
3800元/月,35㎡,：整租,：1室0厅1卫,未知/18层,整租·果园小区 1室0厅 北,'116.401974','39.86299'
5800元/月,67㎡,：整租,：2室1厅1卫,未知/6层,整租·吴家村路10号院 2室1厅 东/西,'116.304497','39.895431'
6000元/月,49㎡,：整租,：1室1厅1卫,未知/12层,整租·翠微中里 1室1厅 北,'116.304768','39.92028'
2800元/月,61㎡,：整租,：2室1厅1卫,未知/6层,整租·石园西区 2室1厅 北,'116.669988','40.116534'
4500元/月,44㎡,：整租,：1房间1卫,未知/15层,整租·SOCO公社 1房间 北,'116.368557','40.072913'
3200元/月,61㎡,：整租,：2室1厅1卫,未知/6层,整租·团河苑 2室1厅 南/北,'116.378225','39.747088'
5200元/月,48㎡,：整租,：1室0厅1卫,未知/14层,整租·强佑清河新城 1室0厅 西南,'116.354191','40.035178'
3200元/月,73㎡,：整租,：2室1厅1卫,未知/6层,整租·清和园 2室1厅 南/北,'116.439254','39.811499'
3700元/月,38㎡,：整租,：1房间1卫,未知/4层,整租·枫丹2号 1房间 西,'116.364618','40.072092'
3100元/月,57㎡,：整租,：2室1厅1卫,未知/6层,整租·建新南区 2室1厅 南/北,'116.659766','40.128078'
5700元/月,67㎡,：整租,：2室1厅1卫,未知/18层,整租·花园闸小区 2室1厅 西南,'116.55452','39.917468'
6000元/月,75㎡,：整租,：2室1厅1卫,未知/28层,整租·弘善家园 2室1厅 东/北,'116.457526','39.8764'
6000元/月,80㎡,：整租,：2室1厅1卫,未知/28层,整租·弘善家园 2室1厅 东南,'116.457526','39.8764'
3800元/月,54㎡,：整租,：1室1厅1卫,未知/6层,整租·南开西里 1室1厅 南/北,'116.286636','39.846655'
4000元/月,55㎡,：整租,：2室1厅1卫,未知/3层,整租·孟家村小区 2室1厅 南/北,'116.310769','39.855661'
2600元/月,56㎡,：整租,：1房间1卫,未知/16层,整租·绿地启航社 1房间 东,'116.166915','39.763393'
5800元/月,91㎡,：整租,：2室1厅1卫,未知/18层,整租·金蝉北里 2室1厅 南,'116.513848','39.875068'
3400元/月,37㎡,：整租,：1室1厅2卫,未知/6层,整租·中山大街108号院 1室1厅 北,'116.651186','39.91154'
3500元/月,48㎡,：整租,：1房间1卫,未知/6层,整租·大雄公寓 1房间 东,'116.502089','39.806041'
6000元/月,37㎡,：整租,：3房间2卫,未知/14层,整租·卡夫卡公社 3房间 跃层 东,'116.580275','39.929291'
3200元/月,46㎡,：整租,：1室1厅1卫,未知/6层,整租·铁路宿舍 1室1厅 南,'116.632768','39.911906'
5500元/月,39㎡,：整租,：1室1厅1卫,未知/4层,整租·北蜂窝30号院 1室1厅 南,'116.331899','39.904611'
4200元/月,54㎡,：整租,：2室1厅1卫,未知/6层,整租·南开西里 2室1厅 南/北,'116.286636','39.846655'
3300元/月,90㎡,：整租,：2室1厅1卫,未知/28层,整租·宏仁家园 2室1厅 南/北,'116.563535','39.755641'
2800元/月,88㎡,：整租,：2室1厅1卫,未知/28层,整租·宏仁家园 2室1厅 南,'116.563535','39.755641'
5800元/月,40㎡,：整租,：1室1厅1卫,未知/16层,整租·月坛南街北里 1室1厅 北,'116.352166','39.920264'
4300元/月,58㎡,：整租,：2室1厅1卫,未知/6层,整租·高杨树南里 2室1厅 东/西,'116.557355','39.953387'
4400元/月,94㎡,：整租,：3室1厅1卫,未知/6层,整租·双桥五号井 3室1厅 南/北,'116.605774','39.893608'
1800元/月,37㎡,：整租,：2室1厅1卫,未知/6层,整租·天恒旭辉7号院 2室1厅 西,'116.310967','39.633359'
5800元/月,45㎡,：整租,：1室1厅1卫,未知/6层,整租·太极小区 1室1厅 南/北,'116.378398','39.995486'
5000元/月,46㎡,：整租,：1室0厅1卫,未知/8层,整租·车站西街1号院 1室0厅 北,'116.347957','39.888886'
2500元/月,61㎡,：整租,：2室1厅1卫,未知/6层,整租·张郭庄小区 2室1厅 南/北,'116.199847','39.856219'
3400元/月,80㎡,：整租,：2室1厅1卫,未知/6层,整租·三合南里 2室1厅 南/北,'116.332219','39.74026'
5500元/月,85㎡,：整租,：2室1厅1卫,未知/6层,整租·建西苑北里 2室1厅 复式 南/北,'116.214924','39.927902'
4200元/月,57㎡,：整租,：2室1厅1卫,未知/6层,整租·双桥六号井 2室1厅 南/北,'116.610993','39.895822'
2700元/月,81㎡,：整租,：2室1厅1卫,未知/6层,整租·黄辛庄东里 2室1厅 南/北,'116.156204','39.761792'
5100元/月,90㎡,：整租,：2室1厅1卫,未知/6层,整租·吕营嘉园C区 2室1厅 南/北,'116.473336','39.847814'
2900元/月,35㎡,：整租,：1室0厅1卫,未知/6层,整租·新悦家园 1室0厅 西,'116.235366','40.216037'
5800元/月,70㎡,：整租,：1房间1卫,未知/19层,整租·金隅可乐 1房间 西,'116.583271','39.909272'
4000元/月,41㎡,：整租,：1室0厅1卫,未知/6层,整租·西幸福街 1室0厅 南,'116.28901','39.858118'
6000元/月,57㎡,：整租,：2室1厅1卫,未知/6层,整租·岭南路26号院 2室1厅 南/北,'116.311896','39.933501'
3200元/月,72㎡,：整租,：2室1厅1卫,未知/6层,整租·枣园北里 2室1厅 南/北,'116.329607','39.758883'
3500元/月,40㎡,：整租,：1室0厅1卫,未知/6层,整租·上地东里 1室0厅 西/北,'116.320453','40.039032'
3600元/月,88㎡,：整租,：2室1厅1卫,未知/15层,整租·金隅七零九零 2室1厅 南/北,'116.70811','39.888054'
5700元/月,55㎡,：整租,：1室1厅1卫,未知/6层,整租·秋露园 1室1厅 南,'116.268991','40.058003'
4300元/月,71㎡,：整租,：2室1厅1卫,未知/16层,整租·阳光星苑 2室1厅 东/西,'116.377536','39.799961'
5800元/月,64㎡,：整租,：1室1厅1卫,未知/11层,整租·柏林爱乐三期 1室1厅 南,'116.59503','39.92974'
6000元/月,89㎡,：整租,：2室1厅1卫,未知/18层,整租·保利嘉园三号院 2室1厅 西南,'116.612342','39.935122'
3000元/月,57㎡,：整租,：2房间1卫,未知/15层,整租·香悦四季 2房间 西,'116.665923','40.186753'
3150元/月,89㎡,：整租,：2室1厅1卫,未知/6层,整租·一品嘉园 2室1厅 南/北,'116.423115','39.676405'
4900元/月,57㎡,：整租,：1房间1卫,未知/23层,整租·常楹公元自由派 1房间 北,'116.602773','39.928116'
2500元/月,55㎡,：整租,：1室1厅1卫,未知/15层,整租·御园D区 1室1厅 南,'116.329721','39.633131'
4000元/月,45㎡,：整租,：1室1厅1卫,未知/6层,整租·五芳园 1室1厅 南,'116.233846','39.905003'
5000元/月,42㎡,：整租,：1室1厅1卫,未知/6层,整租·花家地小区 1室1厅 南,'116.476687','39.988644'
4000元/月,77㎡,：整租,：3室1厅1卫,未知/6层,整租·五街满井胡同 3室1厅 南/北,'116.236666','40.220734'
6000元/月,58㎡,：整租,：1室1厅1卫,未知/27层,整租·国美第一城3号院 1室1厅 东/南/北,'116.521774','39.94004'
5800元/月,86㎡,：整租,：3室1厅1卫,未知/21层,整租·东泽园 3室1厅 东/南,'116.562965','39.966574'
5300元/月,50㎡,：整租,：1室1厅1卫,未知/14层,整租·强佑清河新城 1室1厅 南,'116.354191','40.035178'
5000元/月,60㎡,：整租,：1室1厅1卫,未知/11层,整租·聚福苑 1室1厅 南,'116.562137','39.922566'
3300元/月,81㎡,：整租,：2室1厅1卫,未知/6层,整租·北亚花园 2室1厅 南/北,'116.428411','40.135623'
4100元/月,48㎡,：整租,：1室1厅1卫,未知/23层,整租·国融国际 1室1厅 东,'116.508181','39.807662'
4500元/月,14㎡,：整租,：1室1厅1卫,未知/1层,整租·大羊毛胡同 1室1厅 南/北,'116.438584','39.911543'
3800元/月,55㎡,：整租,：2室1厅1卫,未知/5层,整租·西环里 2室1厅 南/北,'116.232365','40.235529'
2600元/月,48㎡,：整租,：2房间1卫,未知/9层,整租·中国铁建顺鑫汇 2房间 东,'116.671838','40.093026'
3600元/月,63㎡,：整租,：2室1厅1卫,未知/11层,整租·巴克摩界 2室1厅 南,'116.648559','39.894325'
5300元/月,62㎡,：整租,：2室1厅1卫,未知/6层,整租·永定路1号院 2室1厅 南/北,'116.270772','39.931256'
6000元/月,52㎡,：整租,：2室1厅1卫,未知/6层,整租·志强南园 2室1厅 东/西,'116.375072','39.957136'
3000元/月,31㎡,：整租,：2室1厅1卫,未知/6层,整租·云龙家园 2室1厅 南/北,'116.441424','39.813718'
3300元/月,40㎡,：整租,：1室0厅1卫,未知/27层,整租·K2清水湾 1室0厅 东,'116.689177','39.931339'
6200元/月,42㎡,：整租,：1室0厅1卫,未知/6层,整租·小羊宜宾胡同 1室0厅 西,'116.437281','39.918733'
4000元/月,92㎡,：整租,：2室1厅1卫,未知/12层,整租·泰河园七里 2室1厅 南,'116.504945','39.772365'
3500元/月,83㎡,：整租,：3室1厅1卫,未知/6层,整租·新安里 3室1厅 南/北,'116.36203','39.745873'
3300元/月,61㎡,：整租,：2室1厅1卫,未知/6层,整租·玉桥北里 2室1厅 南/北,'116.688527','39.899168'
5500元/月,63㎡,：整租,：2室1厅1卫,未知/18层,整租·马连道中里 2室1厅 东南,'116.336918','39.893507'
3200元/月,70㎡,：整租,：2室1厅1卫,未知/6层,整租·葛布店东里 2室1厅 南/北,'116.674981','39.897618'
6000元/月,63㎡,：整租,：2室1厅1卫,未知/6层,整租·梅园 2室1厅 南/北,'116.281228','40.034588'
2600元/月,69㎡,：整租,：1室1厅1卫,未知/6层,整租·郝庄家园 1室1厅 南,'116.217807','40.226415'
5600元/月,49㎡,：整租,：1室0厅1卫,未知/28层,整租·莲花池东路甲5号院 1室0厅 南,'116.345325','39.903799'
3200元/月,80㎡,：整租,：3室2厅1卫,未知/6层,整租·源泉苑 3室2厅 南/北,'116.696181','39.892968'
5500元/月,80㎡,：整租,：2室1厅1卫,未知/18层,整租·京通苑 2室1厅 东南,'116.603501','39.919667'
6000元/月,57㎡,：整租,：2房间1卫,未知/29层,整租·中国铁建广场 2房间 北,'116.447271','40.048622'
2400元/月,52㎡,：整租,：2室1厅1卫,未知/5层,整租·建设巷小区 2室1厅 南/北,'116.15557','39.745548'
5500元/月,60㎡,：整租,：1室1厅1卫,未知/7层,整租·大屯里小区 1室1厅 南,'116.422761','40.014025'
4800元/月,41㎡,：整租,：1室1厅1卫,未知/6层,整租·白云路七号院 1室1厅 南,'116.34816','39.904437'
2100元/月,51㎡,：整租,：2室1厅1卫,未知/4层,整租·玉竹园小区一里 2室1厅 南,'116.157467','39.730412'
5900元/月,51㎡,：整租,：1室1厅1卫,未知/24层,整租·沿海赛洛城七期 1室1厅 西,'116.510832','39.904367'
3100元/月,64㎡,：整租,：1室1厅1卫,未知/22层,整租·大方居 1室1厅 西南,'116.63734','39.88191'
5500元/月,67㎡,：整租,：2室1厅1卫,未知/7层,整租·定福庄西街 2室1厅 南/北,'116.556505','39.918741'
3200元/月,60㎡,：整租,：2室1厅1卫,未知/6层,整租·清源西里 2室1厅 南/北,'116.342088','39.749733'
6000元/月,54㎡,：整租,：2室1厅1卫,未知/6层,整租·武圣东里 2室1厅 北,'116.475046','39.88209'
4100元/月,49㎡,：整租,：2室1厅1卫,未知/5层,整租·古城南路 2室1厅 东/南,'116.196272','39.915185'
4300元/月,54㎡,：整租,：2室1厅1卫,未知/5层,整租·古城南路 2室1厅 南,'116.196272','39.915185'
4700元/月,69㎡,：整租,：2室1厅1卫,未知/28层,整租·青塔南里 2室1厅 南/北,'116.27468','39.89928'
5000元/月,59㎡,：整租,：2室1厅1卫,未知/6层,整租·金沟河3号院 2室1厅 南/北,'116.276354','39.924299'
4500元/月,37㎡,：整租,：1房间1卫,未知/16层,整租·富力又一城C区 1房间 南,'116.565026','39.853112'
6000元/月,86㎡,：整租,：2室2厅1卫,未知/23层,整租·富力又一城C区 2室2厅 西北,'116.565026','39.853112'
5500元/月,77㎡,：整租,：2室1厅1卫,未知/21层,整租·金隅景和园 2室1厅 南/北,'116.556703','39.957999'
2500元/月,85㎡,：整租,：2室1厅1卫,未知/6层,整租·北关东路社区 2室1厅 南/北,'116.15082','39.742294'
4200元/月,53㎡,：整租,：1室1厅1卫,未知/21层,整租·国融国际 1室1厅 西南,'116.508181','39.807662'
4300元/月,37㎡,：整租,：1室0厅1卫,未知/16层,整租·左右坊 1室0厅 东,'116.377942','39.847498'
4700元/月,45㎡,：整租,：1室1厅1卫,未知/6层,整租·毛纺住宅北小区 1室1厅 南,'116.341826','40.044265'
4000元/月,58㎡,：整租,：2室1厅1卫,未知/5层,整租·八里桥南院 2室1厅 南/北,'116.621968','39.909625'
4400元/月,50㎡,：整租,：1室1厅1卫,未知/18层,整租·玉林里小区 1室1厅 西南,'116.364028','39.870465'
6200元/月,47㎡,：整租,：2室0厅1卫,未知/4层,整租·光明楼 2室0厅 南,'116.4449','39.891482'
3600元/月,78㎡,：整租,：2室2厅1卫,未知/6层,整租·复兴里小区 2室2厅 南/北,'116.652577','39.905713'
4200元/月,15㎡,：整租,：1室0厅0卫,未知/4层,整租·科育小区 1室0厅 南,'116.32811','39.988335'
4900元/月,48㎡,：整租,：1室1厅1卫,未知/17层,整租·六铺炕二区 1室1厅 西北,'116.395202','39.961718'
3300元/月,43㎡,：整租,：1室0厅1卫,未知/11层,整租·DBC加州小镇 1室0厅 南,'116.689244','39.873245'
4000元/月,46㎡,：整租,：1房间1卫,未知/8层,整租·首开石榴派 1房间 南,'116.426586','39.852519'
6000元/月,43㎡,：整租,：1室1厅1卫,未知/6层,整租·红联南村 1室1厅 南,'116.368076','39.955607'
3000元/月,76㎡,：整租,：1室1厅1卫,未知/24层,整租·京贸中心 1室1厅 西北,'116.692907','39.918773'
4500元/月,38㎡,：整租,：1室1厅1卫,未知/5层,整租·青年湖东里 1室1厅 南,'116.413053','39.962564'
2600元/月,86㎡,：整租,：2室1厅1卫,未知/6层,整租·仓上小区 2室1厅 南/北,'116.660144','40.120667'
3800元/月,57㎡,：整租,：3房间1卫,未知/10层,整租·兴盛国际 3房间 西,'116.529879','39.800752'
2700元/月,59㎡,：整租,：2室1厅1卫,未知/6层,整租·仓上小区 2室1厅 南/北,'116.660144','40.120667'
5100元/月,43㎡,：整租,：1室1厅1卫,未知/6层,整租·八里庄北里 1室1厅 南,'116.298736','39.934527'
3800元/月,60㎡,：整租,：2室1厅1卫,未知/6层,整租·六营门小区 2室1厅 南,'116.424239','39.804485'
3500元/月,58㎡,：整租,：1室1厅1卫,未知/12层,整租·花涧溪 1室1厅 南,'116.677997','39.880775'
5500元/月,59㎡,：整租,：2室1厅1卫,未知/6层,整租·慧忠里 2室1厅 南/北,'116.409266','40.003413'
4000元/月,73㎡,：整租,：2室1厅1卫,未知/6层,整租·双桥中路10号南院 2室1厅 南/北,'116.606253','39.895062'
3500元/月,48㎡,：整租,：1室1厅1卫,未知/24层,整租·鸿坤理想城八期 1室1厅 南,'116.347771','39.791791'
3000元/月,43㎡,：整租,：1室1厅1卫,未知/6层,整租·葛布店南里 1室1厅 南,'116.668441','39.897465'
4500元/月,56㎡,：整租,：2室1厅1卫,未知/5层,整租·机场南路东里 2室1厅 南/北,'116.602008','40.055731'
5700元/月,58㎡,：整租,：1室1厅1卫,未知/18层,整租·甜水园北里 1室1厅 南,'116.488454','39.934583'
3300元/月,88㎡,：整租,：2室1厅1卫,未知/6层,整租·观音寺南里 2室1厅 南/北,'116.35625','39.728719'
6000元/月,59㎡,：整租,：2室1厅1卫,未知/6层,整租·和平里三区 2室1厅 南/北,'116.427002','39.962219'
3100元/月,53㎡,：整租,：1室0厅1卫,未知/9层,整租·珠江拉维小镇 1室0厅 西,'116.693646','39.944018'
3500元/月,76㎡,：整租,：2室1厅1卫,未知/16层,整租·兴海园 2室1厅 南,'116.457814','39.770511'
4700元/月,74㎡,：整租,：2室1厅1卫,未知/6层,整租·朝阳新城三区 2室1厅 东,'116.564954','39.951879'
6000元/月,68㎡,：整租,：1室1厅1卫,未知/11层,整租·永合馨苑 1室1厅 西,'116.403658','39.869583'
3100元/月,55㎡,：整租,：2室1厅1卫,未知/6层,整租·车站中里 2室1厅 南/北,'116.341599','39.726005'
2200元/月,65㎡,：整租,：2室1厅1卫,未知/6层,整租·四合巷小区 2室1厅 南/北,'116.157929','39.745926'
3900元/月,45㎡,：整租,：1室1厅1卫,未知/4层,整租·北大地二里 1室1厅 南,'116.290855','39.861841'
4000元/月,89㎡,：整租,：2室1厅1卫,未知/28层,整租·宏仁家园 2室1厅 南/北,'116.563535','39.755641'
2600元/月,8㎡,：整租,：1室0厅0卫,未知/6层,整租·小南庄社区 1室0厅 北,'116.31231','39.971679'
2800元/月,60㎡,：整租,：1室1厅1卫,未知/6层,整租·新潮嘉园一期 1室1厅 南,'116.69986','39.938638'
6000元/月,47㎡,：整租,：1室0厅1卫,未知/12层,整租·翠微中里 1室0厅 西南,'116.304768','39.92028'
2500元/月,16㎡,：整租,：1室0厅0卫,未知/6层,整租·翠微路平台村 1室0厅 南,'116.309988','39.919965'
2900元/月,44㎡,：整租,：1室1厅1卫,未知/6层,整租·水关新村 1室1厅 南,'116.249025','40.218067'
5500元/月,77㎡,：整租,：2室1厅1卫,未知/6层,整租·建材城东二里 2室1厅 南/北,'116.381531','40.069853'
3500元/月,107㎡,：整租,：3房间1卫,未知/6层,整租·富力飞常HAOS 3房间 西,'116.32132','39.636769'
5300元/月,56㎡,：整租,：1室1厅1卫,未知/6层,整租·定福景园 1室1厅 南/北,'116.570085','39.927151'
4500元/月,50㎡,：整租,：1室1厅1卫,未知/15层,整租·东木樨园 1室1厅 东,'116.411575','39.864756'
5500元/月,38㎡,：整租,：1室0厅1卫,未知/20层,整租·青年汇佳园 1室0厅 北,'116.521988','39.927428'
3300元/月,61㎡,：整租,：2室1厅1卫,未知/6层,整租·玉桥南里 2室1厅 南/北,'116.690108','39.895196'
3000元/月,70㎡,：整租,：3室1厅1卫,未知/6层,整租·海子角西里 3室1厅 南/北,'116.352517','39.71953'
3300元/月,124㎡,：整租,：3室1厅1卫,未知/6层,整租·宇丰苑 3室1厅 南/北,'116.353344','39.726464'
2700元/月,82㎡,：整租,：2室1厅1卫,未知/6层,整租·港馨家园东区 2室1厅 南/北,'116.697838','40.110591'
3000元/月,110㎡,：整租,：2室1厅1卫,未知/16层,整租·港馨家园东区 2室1厅 东南,'116.697838','40.110591'
3200元/月,52㎡,：整租,：2室1厅1卫,未知/5层,整租·高井 2室1厅 南,'116.145679','39.945014'
5800元/月,70㎡,：整租,：2室1厅1卫,未知/6层,整租·南太平庄北巷 2室1厅 南/北,'116.540659','39.924662'
2900元/月,50㎡,：整租,：1室1厅1卫,未知/6层,整租·柳岸景园 1室1厅 南,'116.70193','39.899597'
2700元/月,54㎡,：整租,：1室1厅1卫,未知/6层,整租·华龙小区 1室1厅 南/北,'116.695201','39.934643'
2300元/月,51㎡,：整租,：3房间1卫,未知/7层,整租·北京城建北京密码 3房间 西,'116.404278','39.688424'
2200元/月,60㎡,：整租,：2室1厅1卫,未知/6层,整租·三家店新建路 2室1厅 南/北,'116.121289','39.958624'
5600元/月,54㎡,：整租,：1室1厅1卫,未知/21层,整租·左家庄北里 1室1厅 南,'116.446995','39.961109'
4200元/月,82㎡,：整租,：2室1厅1卫,未知/5层,整租·柏阳景园 2室1厅 南/北,'116.560906','39.879298'
5500元/月,56㎡,：整租,：2室1厅1卫,未知/6层,整租·广和东里 2室1厅 南/北,'116.459559','39.895854'
3800元/月,42㎡,：整租,：1房间1卫,未知/14层,整租·明天生活馆 1房间 北,'116.420154','40.056617'
3000元/月,60㎡,：整租,：1室1厅1卫,未知/6层,整租·石园东区 1室1厅 南/北,'116.673834','40.116557'
4300元/月,40㎡,：整租,：1室1厅1卫,未知/6层,整租·天坛西里东区 1室1厅 南,'116.409289','39.88201'
6000元/月,45㎡,：整租,：1室1厅1卫,未知/22层,整租·文慧园15号16公寓 1室1厅 东,'116.370086','39.956548'
5700元/月,40㎡,：整租,：1室1厅1卫,未知/6层,整租·塔院胡同12号院 1室1厅 南,'116.387942','39.962414'
4100元/月,42㎡,：整租,：1室1厅1卫,未知/6层,整租·马公庄 1室1厅 南,'116.414265','39.862338'
5100元/月,62㎡,：整租,：2室1厅1卫,未知/18层,整租·花园闸小区 2室1厅 北,'116.55452','39.917468'
5500元/月,77㎡,：整租,：2室1厅1卫,未知/6层,整租·建材城东二里 2室1厅 南/北,'116.381531','40.069853'
3500元/月,107㎡,：整租,：3房间1卫,未知/6层,整租·富力飞常HAOS 3房间 西,'116.32132','39.636769'
5300元/月,56㎡,：整租,：1室1厅1卫,未知/6层,整租·定福景园 1室1厅 南/北,'116.570085','39.927151'
4500元/月,50㎡,：整租,：1室1厅1卫,未知/15层,整租·东木樨园 1室1厅 东,'116.411575','39.864756'
5500元/月,38㎡,：整租,：1室0厅1卫,未知/20层,整租·青年汇佳园 1室0厅 北,'116.521988','39.927428'
2600元/月,8㎡,：整租,：1室0厅0卫,未知/6层,整租·小南庄社区 1室0厅 北,'116.31231','39.971679'
3000元/月,33㎡,：整租,：1室0厅1卫,未知/11层,整租·站前巴黎 1室0厅 北,'116.674053','39.882658'
3200元/月,59㎡,：整租,：2室1厅1卫,未知/6层,整租·西营前街 2室1厅 西北,'116.672861','39.905035'
3000元/月,45㎡,：整租,：2室1厅1卫,未知/5层,整租·黄村西里 2室1厅 南/北,'116.340971','39.741186'
2600元/月,70㎡,：整租,：2室1厅1卫,未知/6层,整租·黑山北小街11号院 2室1厅 南/北,'116.100137','39.94702'
3400元/月,45㎡,：整租,：1室0厅1卫,未知/24层,整租·苏荷时代 1室0厅 东南,'116.6512','39.898186'
3150元/月,58㎡,：整租,：1室0厅1卫,未知/6层,整租·三羊里 1室0厅 南,'116.524384','39.824643'
5600元/月,58㎡,：整租,：2室1厅1卫,未知/6层,整租·车站东街15号院 2室1厅 南/北,'116.351933','39.887523'
3000元/月,74㎡,：整租,：2室1厅1卫,未知/6层,整租·宇航小区 2室1厅 南/北,'116.40935','39.791753'
6000元/月,47㎡,：整租,：1室0厅1卫,未知/12层,整租·翠微中里 1室0厅 西南,'116.304768','39.92028'
2500元/月,16㎡,：整租,：1室0厅0卫,未知/6层,整租·翠微路平台村 1室0厅 南,'116.309988','39.919965'
5200元/月,48㎡,：整租,：1室0厅1卫,未知/26层,整租·10AM新坐标 1室0厅 南,'116.45053','39.874376'
3400元/月,100㎡,：整租,：2室1厅2卫,未知/6层,整租·蓬莱公寓东区 2室1厅 东/西,'116.423876','40.130815'
3000元/月,63㎡,：整租,：1室1厅1卫,未知/13层,整租·仁和花园二区 1室1厅 南/北,'116.684602','40.115457'
2900元/月,44㎡,：整租,：1室1厅1卫,未知/6层,整租·水关新村 1室1厅 南,'116.249025','40.218067'
6000元/月,44㎡,：整租,：1室0厅1卫,未知/20层,整租·CBD传奇 1室0厅 东/北,'116.483602','39.893412'
6000元/月,57㎡,：整租,：2室1厅1卫,未知/6层,整租·三丰里小区 2室1厅 南/北,'116.445284','39.925343'
5000元/月,68㎡,：整租,：2室1厅1卫,未知/6层,整租·烟厂宿舍 2室1厅 南/北,'116.587907','39.920397'
5500元/月,96㎡,：整租,：2室2厅2卫,未知/7层,整租·烟厂宿舍 2室2厅 跃层 南/北,'116.587907','39.920397'
3600元/月,51㎡,：整租,：2室1厅1卫,未知/6层,整租·后南仓 2室1厅 南,'116.659929','39.908429'
2800元/月,76㎡,：整租,：2室1厅1卫,未知/6层,整租·郝庄家园东区 2室1厅 南/北,'116.218729','40.221509'
2800元/月,60㎡,：整租,：1室1厅1卫,未知/6层,整租·新潮嘉园一期 1室1厅 南,'116.69986','39.938638'
4200元/月,50㎡,：整租,：1室1厅1卫,未知/6层,整租·康泽园 1室1厅 东,'116.416415','39.847725'
3300元/月,105㎡,：整租,：3室2厅1卫,未知/6层,整租·四海公寓 3室2厅 南,'116.703713','39.95821'
3600元/月,77㎡,：整租,：2室1厅1卫,未知/10层,整租·珠江丽景家园 2室1厅 东,'116.690636','39.938839'
3500元/月,105㎡,：整租,：3室2厅1卫,未知/6层,整租·四海公寓 3室2厅 南/北,'116.703713','39.95821'
2500元/月,71㎡,：整租,：2室1厅1卫,未知/6层,整租·行宫园三里 2室1厅 南,'116.154637','39.754184'
6000元/月,76㎡,：整租,：2室1厅1卫,未知/19层,整租·松榆西里 2室1厅 东,'116.470683','39.87738'
4600元/月,53㎡,：整租,：2室1厅1卫,未知/5层,整租·苗圃东里 2室1厅 东/西,'116.407764','39.851237'
2900元/月,56㎡,：整租,：2室1厅1卫,未知/5层,整租·崔村一里 2室1厅 南/北,'116.202007','39.835602'
4600元/月,63㎡,：整租,：2室1厅1卫,未知/6层,整租·富丰园小区 2室1厅 南/北,'116.290339','39.843274'
6000元/月,45㎡,：整租,：1室1厅1卫,未知/18层,整租·明光北里 1室1厅 南,'116.357168','39.973031'
2400元/月,59㎡,：整租,：2室1厅1卫,未知/7层,整租·西潞园二里 2室1厅 东/南/北,'116.135077','39.740429'
2600元/月,48㎡,：整租,：2房间1卫,未知/16层,整租·首开熙悦睿府书香 2房间 北,'116.176687','39.731223'
3000元/月,75㎡,：整租,：2室2厅1卫,未知/6层,整租·石园北区 2室2厅 南/北,'116.670101','40.118729'
5900元/月,60㎡,：整租,：2室1厅1卫,未知/6层,整租·白纸坊西街6号院 2室1厅 南/北,'116.368869','39.883272'
4600元/月,44㎡,：整租,：1室1厅1卫,未知/6层,整租·太平桥东里 1室1厅 南,'116.32922','39.892447'
3900元/月,41㎡,：整租,：1室1厅1卫,未知/6层,整租·永乐西区 1室1厅 南,'116.233785','39.906862'
4600元/月,62㎡,：整租,：2室1厅1卫,未知/18层,整租·花园闸小区 2室1厅 北,'116.55452','39.917468'
3000元/月,68㎡,：整租,：2房间1卫,未知/12层,整租·i立方 2房间 南,'116.338664','39.700356'
2500元/月,43㎡,：整租,：1房间1卫,未知/15层,整租·香悦四季 1房间 南,'116.665923','40.186753'
5900元/月,56㎡,：整租,：2室1厅1卫,未知/6层,整租·潘家园小区 2室1厅 东,'116.454903','39.882809'
3600元/月,38㎡,：整租,：1室1厅1卫,未知/6层,整租·三间房南里7号院 1室1厅 南,'116.57396','39.915759'
4500元/月,51㎡,：整租,：1室1厅1卫,未知/6层,整租·华威西里 1室1厅 北,'116.460032','39.879667'
5000元/月,48㎡,：整租,：2室0厅1卫,未知/5层,整租·复康南里 2室0厅 南/北,'116.409402','39.884788'
3500元/月,63㎡,：整租,：2室1厅1卫,未知/6层,整租·兴政西里 2室1厅 南/北,'116.341153','39.734779'
4500元/月,47㎡,：整租,：1房间1卫,未知/26层,整租·旭辉奥都 1房间 西,'116.423214','40.051429'
6000元/月,70㎡,：整租,：3房间1卫,未知/24层,整租·旭辉奥都 3房间 东南,'116.423214','40.051429'
2800元/月,58㎡,：整租,：2室1厅1卫,未知/6层,整租·永顺西里 2室1厅 南,'116.652665','39.923391'
4500元/月,45㎡,：整租,：1室1厅1卫,未知/6层,整租·电信小区 1室1厅 东南,'116.333347','39.904872'
3500元/月,61㎡,：整租,：2室1厅1卫,未知/6层,整租·玉带河西街 2室1厅 东/西,'116.658326','39.907069'
3500元/月,49㎡,：整租,：1室0厅1卫,未知/11层,整租·古韵新居 1室0厅 南,'116.681628','39.934532'
5100元/月,43㎡,：整租,：1室0厅1卫,未知/26层,整租·远见名苑 1室0厅 北,'116.344985','39.891739'
5600元/月,53㎡,：整租,：1室0厅1卫,未知/24层,整租·远见名苑 1室0厅 东,'116.344985','39.891739'
2300元/月,57㎡,：整租,：2室1厅1卫,未知/6层,整租·四合巷小区 2室1厅 南,'116.157929','39.745926'
3500元/月,86㎡,：整租,：2室1厅1卫,未知/6层,整租·兴海园 2室1厅 南/北,'116.457814','39.770511'
4500元/月,38㎡,：整租,：1室0厅1卫,未知/12层,整租·苹果派 1室0厅 北,'116.58468','39.935758'
6000元/月,60㎡,：整租,：1室1厅1卫,未知/21层,整租·力度家园 1室1厅 北,'116.344469','40.037023'
5700元/月,61㎡,：整租,：3房间1卫,未知/4层,整租·乐栋300 3房间 东北,'116.572585','39.910962'
2700元/月,77㎡,：整租,：2室1厅1卫,未知/22层,整租·东亚瑞晶苑 2室1厅 南/北,'116.549337','39.749911'
5300元/月,51㎡,：整租,：2室1厅1卫,未知/6层,整租·北京机械学院家属楼 2室1厅 南,'116.355078','40.043082'
5800元/月,45㎡,：整租,：1房间1卫,未知/15层,整租·红山世家 1房间 西,'116.340073','39.899642'
3000元/月,42㎡,：整租,：1室1厅1卫,未知/6层,整租·西幸福街 1室1厅 东南/南,'116.28901','39.858118'
3000元/月,44㎡,：整租,：1室1厅1卫,未知/6层,整租·至善街4号 1室1厅 西,'116.405215','39.8124'
4000元/月,50㎡,：整租,：1室1厅1卫,未知/6层,整租·蔚园 1室1厅 南/北,'116.26973','39.901123'
4000元/月,60㎡,：整租,：2室1厅1卫,未知/6层,整租·蔚园 2室1厅 东/西,'116.26973','39.901123'
3300元/月,61㎡,：整租,：2室1厅1卫,未知/6层,整租·模式口西里 2室1厅 南,'116.160837','39.93931'
5200元/月,72㎡,：整租,：2室1厅1卫,未知/16层,整租·妇联小区 2室1厅 东南,'116.553495','39.920646'
6000元/月,57㎡,：整租,：2房间1卫,未知/29层,整租·中国铁建广场 2房间 南,'116.447271','40.048622'
3300元/月,46㎡,：整租,：1室1厅1卫,未知/6层,整租·万福家园 1室1厅 南/北,'116.658514','39.925574'
3100元/月,50㎡,：整租,：1室1厅1卫,未知/6层,整租·杨庄22号院 1室1厅 南/北,'116.639467','39.904485'
5100元/月,53㎡,：整租,：2房间1卫,未知/20层,整租·中海城紫鑫阁 2房间 东北,'116.454135','39.850772'
2600元/月,55㎡,：整租,：2室1厅1卫,未知/5层,整租·伟业嘉园西里 2室1厅 跃层 南,'116.16711','39.738534'
5900元/月,82㎡,：整租,：2室1厅1卫,未知/10层,整租·芳怡园 2室1厅 南/北,'116.2698696918','40.051989694454'
